OBV3DaySlope,OBV4DaySlope,OBV5DaySlope,AD3DaySlope,AD4DaySlope,AD5DaySlope,SlowStochastic,SlowSto1DaySlope,SlowStoSlope,VIXClose,VIX1DaySlope,VIX1DayPercentSlope,VIXSlowStochastic,VIXSlowSto1DaySlope,BuySell
-98680000,985287000,517137000,741259302.6,746931945.6,664848637.2,90.45302084,-3.488291182,-1.580685495,10.44,0.12,1.162790698,30.52325581,3.488372093,-1
-30795000,488854000,1034871000,1625724913,1486482037,1516529301,98.49721689,2.997090962,3.249032279,10.24,0.22,2.195608782,17.25239617,7.028753994,-1
-134560000,-566785000,-41689000,1619501664,1549717834,1482224943,94.87266438,-3.624552507,-0.085398228,10.2,-0.04,-0.390625,15.97444089,-1.277955272,-1
-2278875000,-926665000,-950780000,685930914.7,1132876994,1248562664,90.98968185,-3.882982528,-1.435212747,10.18,-0.02,-0.196078431,15.33546326,-0.638977636,-1
-2265360000,-2336387000,-1415743000,-301099962.1,206908759.3,664546863.9,81.97915016,-9.010531689,-3.454948656,10.58,0.4,3.929273084,28.11501597,12.77955272,-1
-2701060000,-2463862000,-2445046000,-815026852,-525246291.4,-111858367.4,78.81952032,-3.159629844,-5.224890735,11.15,0.57,5.387523629,46.32587859,18.21086262,-1
2643525000,2752875000,1595900000,484112966.8,478050562.4,-88188428.84,37.24887479,4.292250083,3.795649371,13.99,-0.1,-0.709723208,40.05602241,-0.933706816,-1
2686840000,935015000,1034601000,1376235167,1017145039,1254735584,75.3356344,1.42434213,5.552831528,13.16,0.21,1.621621622,29.95670996,1.818181818,-1
40810000,1085658000,451502000,698755888.2,705566189.6,689729096.8,66.22607595,-9.109558456,-1.014463618,13.48,0.32,2.431610942,32.72727273,2.770562771,-1
2832975000,2993146000,3022593000,1140479644,374788211.7,742734282.9,98.70604344,2.662997969,2.216766533,13.29,0.51,3.990610329,58.28025478,16.24203822,-1
-100260000,1091843000,1779001000,610451245.3,682699566,324831970.6,90.98911791,-7.716925523,-0.998959832,13.63,0.34,2.558314522,69.10828025,10.82802548,-1
462895000,1462429000,1985436000,-88145513.11,340328911.6,971946583.5,85.76773394,-2.783572402,11.78078863,13.42,-0.52,-3.730272597,26.74650699,-10.37924152,-1
196675000,891790000,1415181000,293791625.3,337825496.2,481484776.2,89.25760038,3.489866436,5.488083346,12.85,-0.57,-4.247391952,15.36926148,-11.37724551,-1
-206655000,-580706000,141831000,-750356590.4,-605893458.1,-276642516.3,56.59247397,-32.6651264,-3.575793995,14.67,1.82,14.16342412,51.69660679,36.32734531,-1
-2855625000,-1143450000,125595000,-1378044847,-517030713.1,445970016.2,90.89510355,-0.209181627,5.057234476,15.63,0.04,0.256574727,51.44927536,0.579710145,-1
-3308180000,-3096855000,-1874995000,243535885,-337941318.7,-110633072.2,86.43337414,-4.461729418,-3.188147905,16,0.37,2.367242482,54.50381679,3.054541432,-1
-178885000,-1370395000,-1875440000,1966182191,885652433.1,283962114.6,96.06794593,9.634571794,-0.52028735,15.23,-0.77,-4.8125,42.7480916,-11.75572519,-1
-247165000,-905920000,-1457915000,-242067417.1,688174400.6,393823825.4,69.60393597,-26.46400995,-3.782785604,16.950001,1.720001,11.29350624,69.00764885,26.25955725,-1
-195020000,1905761000,2958205000,-1467057062,-162335027.7,1144516385,19.99840417,-34.54985674,6.277874746,26.48,5.029999,23.44987769,97.06703911,33.20813602,-1
67610000,-630611000,17691000,209239726.3,331027760.2,892353443.5,51.91043609,-6.788965322,2.948738416,22.719999,2,9.652510118,35.26061761,8.760402979,-1
-112500000,1028643000,534551000,-114879109.7,354143818.4,244814049.4,54.87859507,-9.244468733,2.635729862,24.58,1.799999,7.901663393,43.10876266,7.926019375,-1
-3478010000,-1511670000,-1224198000,-310975431.8,802740982,845910062.1,86.84709228,-11.63865252,-1.842683005,18.879999,2.209999,13.25734253,18.20545632,15.49644184,-1
-561285000,-1641325000,-942660000,79145931.66,233513974,794495114.6,90.18212012,3.335027834,-2.297828458,17.73,-1.149999,-6.091096721,11.89617795,-6.309278375,-1
-144200000,-654969000,-1233000,-523246130.9,-709721526.6,-539862958.6,50.54820095,-29.92696334,-3.309954325,23.209999,4.679998,25.25632891,55.96545526,36.73467818,-1
-237000000,-900083000,4515000,-263920942.1,406410947.8,1025394715,3.644431065,-43.00061896,-9.375418698,26.49,5.100001,23.84292304,94.63636364,46.36364545,-1
-584210000,-1012663000,-182107000,-947212593.3,-853083613.7,12491598.21,48.78632989,-26.12159288,1.582234536,23.59,2.85,13.7415622,45.2954088,20.78774465,-1
-177635000,474695000,1411940000,-351721422.5,256709120.1,1152439251,50.23266687,-12.19746866,3.579879685,20.26,1.6,8.57449089,21.00657031,11.67031279,-1
577495000,2302661000,1238610000,690369806.2,1933531023,1011776430,43.69278242,-5.75895548,3.023422615,25.99,1.97,8.201498751,39.96889269,10.21254589,-1
95680000,1626919000,2322315000,981801425.3,1742891955,2198676400,54.51615448,0.458403347,6.281788688,22.690001,0.790001,3.607310502,6.591349241,4.959202451,-1
-3921640000,-1514636000,42962000,-818295400.6,112438051.6,909619529.6,52.2784498,-2.237704677,3.855911391,23.530001,0.84,3.702071234,11.86441859,5.273069349,-1
4322060000,4886702000,2950580000,1679806997,2880659313,1472987914,69.05205867,2.236754966,6.901606257,25.719999,-0.010001,-0.038869024,29.22636313,-0.071640406,-1
44725000,1791047000,3011146000,96093558.17,693344067.8,1822733255,60.52215247,-8.529906205,7.832269179,26.08,0.360001,1.3996929,31.80516703,2.57880391,-1
72640000,1529292000,2298784000,-1072752619,-1050177188,-638003986.2,82.64317187,-5.328867803,-0.057095012,22.360001,-0.059999,-0.267613738,7.99167533,-0.416949299,-1
3763280000,3793171000,3836389000,911647074.7,1941703541,1293019022,89.31963245,-10.26450128,2.012128177,17.01,0.540001,3.278694795,10.78875793,8.713295669,-1
-85175000,1470069000,2254400000,-1700639953,-132514996.1,902243338.4,78.93747113,-10.38216131,-3.000675777,17.58,0.57,3.350970018,16.07305936,5.284301428,-1
178010000,2103580000,1004102000,-675312562.3,1098990952,340618761.7,59.77204831,-3.351628618,3.633616452,21.17,1.049999,5.218682643,13.54260211,9.417032235,-1
283080000,1605159000,2266057000,303000503.8,1143194607,1322535683,73.09906337,-15.83717936,5.425426224,20.65,1.22,6.278950077,16.51603122,10.02465078,-1
-4035840000,-1594032000,-86942000,-3181434954,-1077404872,-57140344.09,68.44109502,-4.657968356,1.18088938,21.99,1.34,6.489104116,27.52671323,11.010682,-1
-449310000,-2980118000,-4254056000,2205403615,2787372417,1003219325,34.15292388,-1.152742728,9.501226387,55.130001,0.139999,0.254589916,62.59005167,0.240135494,-1
52325000,-763160000,505245000,87202342.18,407640984.9,664357998.5,26.56118455,-12.45649843,0.947888405,54.560001,6.830001,14.30966059,45.97559401,10.14507359,-1
-1655575000,1018719000,2740374000,-1614240031,1043155140,1810403927,22.65509622,-20.87997784,0.91001813,68.510002,13.230003,23.93271208,53.57774412,29.21820515,-1
-5791190000,-2262518000,-2100758000,-2279651724,157987432.5,420992992.7,54.13336876,-7.182241254,1.76179503,47.34,-2.5,-5.016051364,6.824205098,-5.521201535,-1
343840000,-878607000,-137721000,-1831056252,-1274612283,-232849885.6,81.65953751,-10.16239363,4.048655442,43.389999,4.829998,12.5259281,14.59640742,10.82959144,-1
143305000,1233275000,121832000,844041445,27610599.44,-220982371.6,83.17802919,1.518491677,-2.087817804,42.560001,-0.829998,-1.912878588,12.73542544,-1.860981979,-1
137525000,-829812000,221207000,442688090.5,-185398340.1,-386538975.4,73.62322556,-9.554803631,-3.816699436,42.82,0.259999,0.610899892,13.31838281,0.582957373,-1
-4720775000,-1806650000,-1803483000,-3237246354,-896374133.1,-868744345.6,63.71839375,-9.904831809,-6.424338673,45.84,3.02,7.052779075,20.08968296,6.771300145,-1
421205000,-1634732000,-720663000,-443817600.3,-1694100656,-647901074.8,64.47270442,0.75431067,-5.383330163,43.27,-2.57,-5.606457243,14.32735138,-5.76233158,-1
79790000,-812895000,-1772153000,-847548020,-1111830049,-1722681270,50.09120793,-14.38149649,-7.532416366,49.139999,5.869999,13.56597874,27.48878352,13.16143215,-1
-597900000,2143927000,3588313000,-2107654479,480593068.1,1820493864,16.38121603,-30.61988225,0.996060637,46.669998,3.029999,6.94316927,45.30308444,14.51984988,-1
-5602235000,-1948068000,357671000,-4995091288,-1503447825,13765533.81,0,-16.15194621,-3.770687032,48.66,5.73,13.34730957,57.51952637,27.97851562,-1
-5824265000,-5674336000,-3214191000,-2910145265,-3561577931,-1711653409,4.889236832,4.889236832,-5.454974254,48.459999,-0.200001,-0.411017263,56.54295898,-0.976567383,-1
-5743825000,-5792712000,-5703277000,-2295568688,-3140934266,-3498293043,1.144930828,-3.744306004,-5.324374225,47.080002,-1.379997,-2.847703319,49.80469238,-6.738266602,-1
-6978765000,-6484166000,-6269977000,-1136640991,-1123592438,-2077828240,8.333328059,7.188397231,-1.449230548,49.299999,2.219997,4.715371507,60.64452148,10.8398291,-1
-124575000,-1304086000,-2921289000,2624170088,340443443.8,296686399.4,11.18226679,-4.089731873,2.701334252,44.669998,-0.820004,-1.802602691,38.03709473,-4.003925781,-1
-7541805000,-3103100000,-2896599000,-3944440738,-615723039.2,-1058243093,5.1915937,-5.990673088,0.442231301,44.66,-0.009998,-0.022381913,37.98827637,-0.048818359,-1
-8263225000,-7963024000,-4863481000,-7662811848,-5563014607,-2804344852,0.272300731,-4.919292969,-1.048877361,46.349998,1.689998,3.784142409,46.24021973,8.251943359,-1
-8397385000,-8211070000,-8028321000,-7798587807,-7613051998,-6229773788,0.458732404,0.186431674,-4.053649857,52.650002,6.300004,13.59224223,76.47353264,30.23331292,-1
-6511175000,-2072781000,-2594566000,-1994979255,467283457.2,-178230922.2,86.73797408,-1.64973444,-2.554778572,31.799999,-1.07,-3.255248045,3.710450122,-6.508515815,-1
-84880000,2052136000,993228000,715435066.9,347378732.4,231931857.1,74.87633826,-17.38026077,-3.311486371,30.809999,2.659999,9.449374778,30.90378055,19.3877464,-1
-4824540000,-2006076000,59000000,-3874235460,-1291145160,-867655974.1,63.35484292,-11.52149534,-6.956401245,32.68,1.870001,6.069461411,46.74828208,15.84450153,-1
-207905000,-1526565000,-502736000,1264154892,1688421437,2327231474,52.24481368,-10.23415093,2.956697153,26.35,1,3.944773176,13.92670157,13.31757454,-1
-5800000,-999811000,-156299000,-3038915814,-2380443811,-1038724585,22.61610296,-34.81697718,-6.321653371,27.950001,1.730002,6.59802466,32.24157295,17.7072858,-1
154955000,2267490000,1081867000,2585089517,2506614144,1171759701,90.64435455,-5.811106677,0.831322746,24.27,-0.439999,-1.78065163,12.63681718,-4.378099938,-1
50000,2102636000,3256374000,1260038150,1483466045,435638826.6,93.80551324,-2.175000758,0.16926125,24.76,0.08,0.324149109,17.51243955,0.79601998,-1
-5395170000,-2079916000,15130000,-505990474.6,788094340.3,1094360873,88.92155158,-4.883961656,-1.105636122,26.01,1.25,5.048465267,29.95025174,12.43781218,-1
-142665000,-945523000,204604000,-1520382365,-44217797.59,385176771,81.48643518,-15.58293335,-1.680517458,23.49,0.41,1.776429809,17.61516499,9.152541575,-1
-611475000,-1346317000,-2325144000,149961982.5,-264859524.9,-864802386.4,80.7752496,-2.331753909,1.058072735,25.190001,0.310002,1.245988796,40.65041201,4.200569675,-1
-388845000,-1239805000,-88080000,967593537.4,796099927.1,1676537220,91.5804262,-6.330841385,-1.665510696,20.9,-0.59,-2.745463006,0,-6.697459584,-1
-5506610000,-2457887000,-2335513000,-3215763896,-1117116606,-536542298.2,81.75339753,-9.827028671,-3.642248567,22.219999,1.319999,6.315784689,22.38647307,22.38647307,-1
212475000,-1038161000,-2160042000,604411557.8,-814171605.5,-1166839527,80.10786524,-12.16752564,-3.491184001,22.27,1.579999,7.636534189,22.91446674,16.68425554,-1
-42865000,-980855000,-189242000,2147572329,1128059563,1019561307,81.39721293,-18.27304471,-2.230751882,18.68,1.1,6.257110353,20.06614334,12.12789549,-1
-5842425000,-2569062000,-2352323000,-3159575427,-549584421.6,-330207348.8,49.07811294,-32.31909999,-9.302772373,22.27,3.59,19.21841542,59.64718408,39.58104075,-1
-6541470000,-6055479000,-3802219000,-5732285968,-4128904103,-2065800541,12.02222259,-37.05589035,-18.34098699,27.309999,5.039999,22.63133812,93.72196356,34.07477948,-1
-160850000,2246830000,1134138000,473207412.5,2338706724,2436439180,92.49685635,-7.503143648,0.178816069,17.469999,0.849998,5.114307755,50.11182324,20.60013099,-1
-6551150000,-2897648000,-380262000,-5393580158,-2076294612,17205603.74,65.03579201,-27.46106434,-6.044104174,22.809999,5.34,30.5666875,95.10662546,44.99480222,-1
-828335000,-1817674000,-440125000,-454605250.8,-1702739737,-789303399.2,42.82880922,-36.5115514,-6.610196523,23.84,3.649999,18.07825071,82.23494917,20.00156927,-1
-6695330000,-3195255000,-3065841000,-2517824137,-956534519.9,-1621314421,33.2631919,-9.56561732,-12.4142674,24.91,1.07,4.488255034,80.66666667,-1.568282499,-1
-8706875000,-7882135000,-5153150000,745412245.9,-883240592.9,-387242029.4,40.49086485,7.227672947,-8.709756329,32.799999,7.889999,31.67402248,68.95604274,-11.71062393,-1
177410000,-1123773000,219485000,181126284.4,50507838.59,1119794621,59.50905529,-9.239726041,6.82163036,26.68,1.16,4.545454545,42.53342923,4.309063573,-1
-5498520000,-2218538000,-2287344000,-3252940797,-1014261835,-702878092.5,45.38017691,-14.12887838,-3.016034477,31.24,4.56,17.09145427,59.47250673,16.93907749,-1
-123960000,-1320004000,-2269340000,-504714831.4,-636442614.1,-1364326520,35.71846401,-10.47976817,-7.937145774,33.549999,2.709999,8.787285992,68.05348306,10.06686032,-1
-6468320000,-2721200000,-2652816000,-1638489796,-334215935.3,-478867422.5,31.98494046,-3.733523555,-6.470994256,35.32,1.770001,5.275711037,74.62852343,6.575040373,-1
20500000,1835164000,830544000,-1257509726,230283506.3,770478071.5,42.4501361,-0.410981332,0.334521652,24.879999,0.929998,3.883081257,22.93456048,0.833690643,-1
0,-759431000,-1496543000,1728678952,2247116195,2495825566,91.54760604,-5.593400605,-0.862689611,22.370001,0.230002,1.038852802,6.226880011,1.418014709,-1
-4245610000,-1751494000,-1673950000,-1677809040,-142144019.6,827088466.2,65.29254773,-26.25505831,-6.088773914,25.389999,3.019998,13.50021397,24.84585543,18.61897542,-1
-283140000,1393005000,2078123000,-795373101.3,-165965593.3,311423773.4,54.69451762,-15.6596183,0.828243791,26.440001,1.850001,7.523387556,31.31935689,11.40567747,-1
-4026055000,-1727409000,-128556000,-550002687.7,-340741907.3,-72680633.27,51.36479276,-3.329724866,-2.728822561,25.49,-0.950001,-3.593044493,25.46238437,-5.856972512,-1
-3486260000,-3755075000,-2312971000,-927257798.8,-1132838783,-799052897.6,47.70557246,-3.659220297,-6.154837365,25.66,0.17,0.666928207,26.51047309,1.048088715,-1
-4392635000,-1338066000,679555000,12248767.35,1331518556,2449274952,87.35680389,-9.237275555,-2.779555146,19.08,0.789999,4.31929446,18.68460389,12.79335011,-1
315090000,-809228000,-1659692000,3548497554,1853064446,1634685166,87.01704116,-4.984867262,-2.837048437,18.639999,0.17,0.920411528,12.10760837,2.541106129,-1
-4072370000,-1468144000,-1623278000,490135793.3,1910974986,1326527103,73.27642422,-13.74061694,-4.697507317,20.610001,1.970002,10.56868082,41.55457399,29.44696562,-1
58365000,776566000,528809000,1728174111,1416744894,838482111.7,72.17442832,-11.92175258,1.324471506,19.059999,0.459999,2.473112903,50.2392285,5.502381041,-1
-4094235000,-1576774000,-552927000,-1111245037,432742568.7,656933604.9,58.5541754,-13.62025292,2.417411304,20.66,1.600001,8.394549234,69.37799873,19.13877023,-1
410950000,-489707000,-1416645000,2097967415,950881915.3,468703308.1,66.96889556,-3.145255351,-3.631484807,20.219999,0.399999,2.018158426,64.11482824,4.784677606,-1
-4216270000,-1541288000,-1490980000,-1390775518,115069776.4,11311989.48,32.75648395,-34.21241161,-7.042116858,21.879999,1.66,8.209693779,83.97128995,19.85646171,-1
-154985000,-1135857000,-1846764000,1653023653,-118582374.2,-139941743.1,34.51452697,-10.83645232,-9.281716415,21.129999,1.049999,5.229078685,74.99999701,12.55979815,-1
109070000,-667868000,155066000,427030866.4,-133716813.9,-230177224.3,88.88660551,-2.136425174,0.512523814,17.110001,0.210001,1.242609467,11.76837411,1.307602658,-1
-3794205000,-1409961000,-1421576000,-385509313.1,-83730024.52,-287308181.1,83.2667657,-5.619839811,-0.896643468,17.870001,0.76,4.441846614,16.50062786,4.732253753,-1
227575000,1543537000,2149916000,340718536,872445917.2,1195431786,26.15985331,-40.39259354,1.010828347,18.299999,2.849999,18.44659547,69.96524827,49.47914072,-1
-4001630000,-1416215000,9023000,-1668160951,6495136.506,472387857.1,24.0379399,-2.121913408,-5.541634717,18.09,-0.209999,-1.147535582,66.31943293,-3.645815339,-1
-3633600000,-3828704000,-2162736000,-886582561.2,-1668542313,-551977800.3,7.195680865,-16.84225904,-12.40641642,17.950001,-0.139999,-0.773902709,63.88889516,-2.430537772,-1
-3736745000,-1380624000,79563000,-1352372791,-33824909.31,704762583.3,62.41237962,-24.70282553,-2.966847281,18.389999,2.439999,15.29779937,34.31268625,25.60334732,-1
-7030000,1799294000,1047216000,1272131600,2048610026,1527448660,80.64229304,-7.712593616,4.12358378,19.35,1.83,10.44520548,44.386149,19.20251836,-1
-3771970000,-1560022000,161858000,-1021364469,179857092.1,1061600878,75.06347879,-5.57881425,0.592414692,20.23,0.88,4.547803618,53.6201469,9.233997901,-1
-3743045000,-3707599000,-2254424000,-2516008360,-1743274723,-701823597.6,47.57651948,-27.48695931,-9.236877918,22.98,2.75,13.59367276,82.47639035,28.85624344,-1
-4215420000,-4079271000,-3943565000,-3608295489,-3047327940,-2355065655,43.28836834,-4.288151145,-12.31988102,23.74,0.76,3.307223673,90.45120672,7.974816369,-1
-5006495000,-4542789000,-4342900000,-2332420161,-2748365564,-2661030506,34.7627997,-8.525568643,-12.35340971,25.25,1.51,6.360572873,93.62291186,3.171705149,-1
-5014290000,-5000233000,-4693183000,-918326446.1,-1833543726,-2277132806,29.33643433,-5.426365364,-10.42678087,23.66,-1.59,-6.297029703,78.92790398,-14.69500788,-1
-5086840000,-5067200000,-5040192000,-3226006736,-2236173569,-2407036048,0.019541249,-29.31689308,-10.90658905,24.790001,1.130001,4.775997464,89.37153518,10.4436312,-1
1090205000,-263070000,-1474589000,919338548.5,-405291232.6,-839585282.5,0.337649547,-20.807301,-7.704178408,31.66,8.280001,35.41489031,97.58112094,21.24102634,-1
-399375000,1879774000,2696659000,2218848871,1558878155,1542525960,35.78096498,-4.601075828,6.897702036,32.849998,0.979997,3.074982646,53.92335158,2.980526156,-1
243715000,2044784000,2841655000,-2564221738,-1032627052,315378125.9,41.91315137,-4.867788329,2.89911771,31.82,0.199999,0.632507886,47.56967117,-1.32268764,-1
497350000,2167218000,3065096000,1647541528,2584792812,2563421404,43.2754946,-3.874194358,4.008055124,32.73,1.75,5.648805681,46.30801877,4.45629345,-1
-4284900000,-1421692000,331234000,-1591265683,-120553312.9,1093645824,43.64714554,0.371650942,1.558327165,32.860001,0.130001,0.397192178,44.19462013,-2.113398633,-1
-4522080000,-4421066000,-2466872000,-4276460495,-2729810613,-1369820723,30.36595551,-13.28119003,-3.074084315,37.32,4.459999,13.57272935,60.14925224,15.95463211,-1
75250000,1582996000,635998000,638861927,997108407.1,31848421.03,81.23823839,-5.539467724,-0.620956865,31.129999,1.089998,3.628488561,29.81282531,4.857388592,-1
-242855000,-751687000,-29080000,-1195469272,-982291594.5,-226253069.4,74.41369663,-9.592006819,-0.533285156,33.509998,2.289999,7.335038672,40.41888146,10.20498663,-1
-4340730000,-1933149000,-1708939000,-3040943001,-1809480018,-1462691318,64.87676163,-9.536934997,-5.062643073,34.509998,1,2.984184004,44.87520945,4.456327986,-1
-4212030000,-4212366000,-2650100000,-1772343020,-2403961758,-1795313517,64.65647572,-0.22028591,-5.229246715,32,-2.509998,-7.273248755,33.68983512,-11.18537433,-1
-68915000,1494974000,2338369000,-778643127.9,-459990560.8,-189450572.1,56.48503134,-19.89554776,-1.2161887,30.59,1.92,6.69689571,46.98242887,14.6676875,-1
115020000,-837438000,-28334000,816022333.2,-262825014.7,-46238813.91,58.06711716,-13.97012687,-3.717915597,25.67,-0.709999,-2.691429215,9.396479663,-5.423980966,-1
317875000,-762062000,-109813000,823693710.6,-263907199.1,104218141.7,91.96749939,-4.530042739,-1.117135926,17.290001,0.030001,0.173818076,16.21254548,0.408732914,-1
-125040000,1385244000,643852000,1537543557,1685866873,1910904450,89.41550402,-6.721475499,1.993851063,15.66,0.02,0.127877238,24.03846154,0.240384615,-1
-3880190000,-1638720000,-127304000,-542404724,430165139.1,898173489.1,72.45673761,-16.95876641,-1.868801114,16.440001,0.780001,4.980849298,33.41347356,9.375012019,-1
-3621015000,-3713065000,-2274460000,-647613764.1,-330131042.5,247490972.4,71.42180323,-1.034934376,-5.517267878,16.700001,0.26,1.58150842,36.53847356,3.125,-1
2045000,-690181000,38576000,911416814.6,391589229.8,425782127.5,71.21762302,-7.81762056,-0.10309207,16.879999,0.279999,1.686740964,43.51350588,3.783770782,-1
-3904385000,-1580632000,-1514557000,-350745841.8,-5228308.259,-46231657.18,52.59990923,-18.61771379,-4.767481205,17.559999,0.68,4.028436258,52.70269631,9.189190431,-1
-3990025000,-3935664000,-2376069000,-2999963781,-1528496545,-905567954.9,18.03072462,-34.56918462,-13.09446729,19.16,1.600001,9.111623526,74.32433437,21.62163806,-1
-70540000,-956087000,-1794313000,-1635317640,-985348386.5,-239088952.4,12.94638486,-5.804384858,-1.429363229,19.889999,1.059999,5.629309612,77.18119463,11.98573435,-1
-3778595000,-1535667000,-1637656000,-2321502552,-2015562439,-1455501337,2.028670391,-10.91771447,-4.024188397,21.870001,1.980002,9.954761687,100,22.81880537,-1
-3901080000,-3870181000,-2344367000,-2922207915,-2576154936,-2287310732,2.394381924,0.365711534,-4.082911087,21.969999,0.099998,0.457238205,91.47194025,-8.528059751,-1
-46325000,-545429000,251370000,-143663166.3,-90982706.19,325748160.3,17.30174468,-14.5358066,0.320479202,24.139999,3.109998,14.78838731,89.3503716,32.25223412,-1
59825000,1395259000,2263608000,1196028595,1363619648,1944921423,59.86672321,-1.54128394,4.598193851,17.24,-1.139999,-6.202388803,12.43739566,-9.515851419,-1
-462565000,924595000,1935204000,669832956.7,1418147512,2201703434,93.3098007,-5.959155999,9.698863091,17.5,0.84,5.042016807,10.73298429,7.329842932,-1
-2893330000,-1405233000,-166237000,-654921555.4,104999949.1,792153988.5,81.37319131,-11.93660939,-1.84522684,17.1,-0.4,-2.285714286,7.242582897,-3.490401396,-1
59170000,1532627000,2234129000,-1520931556,-89750126.85,808945823.1,84.39949221,-12.18651382,1.487149814,16.27,0.82,5.307443366,6.67752443,6.67752443,-1
593475000,2124776000,1262247000,1324699405,2135160477,1888104230,94.52292617,-2.847452525,9.78635554,18.030001,1.33,7.964071379,24.68900478,14.50984355,-1
-3516815000,-1111592000,477631000,-2227800854,-386375593.8,724290120.4,88.29733024,-6.225595928,6.383203612,18.93,0.899999,4.991674709,36.70886076,12.01985597,-1
34420000,-647429000,-1350799000,1178883472,860498621.2,555747715.2,88.11112826,-2.016520002,-1.244816449,14.07,0.19,1.368876081,12.94117647,3.193277311,-1
-4108195000,-1767761000,-1621600000,-608085447.1,-217369436.9,35791632.35,88.0193662,-0.091762066,-0.689010134,13.98,-0.09,-0.639658849,11.42857143,-1.512605042,-1
221460000,1553954000,2174020000,610850804.5,1113476431,1042817606,82.57862151,-0.803323599,5.999814553,14.33,-0.22,-1.512027491,18.19788307,-3.886926482,-1
-2750830000,-883034000,373460000,-1012953120,28895891.43,557964613.3,76.10004271,-6.4785788,3.750405182,15.11,0.78,5.443126308,31.97880424,13.78092116,-1
-112355000,1368750000,2087983000,959325480.5,1822092719,2210115031,77.97298936,-4.579948998,10.04234486,15.03,-0.04,-0.265428003,27.88991337,-0.733945089,-1
-3877600000,-1617967000,-128693000,-1802319482,-371573224.6,647237836.2,46.99153948,-30.98144988,-1.470200539,17.059999,2.029999,13.50631404,65.13760828,37.24769491,-1
-524760000,892153000,250609000,-854745704.6,96311820.42,-389074129.3,7.398418861,-27.85357145,-3.353928355,19.08,1.5,8.532423208,90.71661238,24.42996743,-1
216220000,1596639000,911361000,-77488450.61,1323495284,985316735.3,88.3517074,-10.49209506,9.121818031,17.360001,1.790001,11.49647399,53.07379098,36.68034836,-1
-771290000,-1255056000,-240350000,1102270873,-129652886.9,391560927,82.94317066,-12.9382837,1.026144977,17.84,0.17,0.962082626,59.49612403,-3.13886517,-1
-3239060000,-1360378000,-1486526000,-907111975.2,412146274.5,-179094699.3,79.60825503,-3.334915623,-4.38796316,17.84,0,0,59.49612403,0,-1
-245830000,-924160000,-123046000,-128596680.2,434559831.9,921999815.9,85.70353362,-14.29646638,-1.908913264,14.68,2.37,19.25264013,23.31838565,21.25560538,-1
93830000,1431698000,2063488000,1021518330,1610965994,1527540166,92.43368117,-4.02351822,1.115709024,12.06,-0.18,-1.470588235,12.27217348,-2.187120026,-1
-3933210000,-1662370000,-185058000,-1787106545,-672459658.8,285164780.1,59.95192753,-32.48175364,-7.449352208,17.27,5.21,43.20066335,75.57714756,63.30497408,-1
-423730000,-885406000,-112518000,-1338748768,-1181099957,-225208203.5,78.94140077,-16.9045179,-2.870389189,13.82,0.45,3.365744203,29.46859429,7.246375645,-1
-64870000,-520606000,-1296734000,-527450825.4,380194818.4,880433773,74.31686234,-7.740702656,-0.293081857,14.83,0.35,2.417127072,45.73268185,5.636069946,-1
-300490000,-906574000,-154996000,-2273388746,-1402238408,-1162882715,62.65957349,-15.65996698,-2.869334425,16.299999,1.769999,12.18168617,69.40415952,28.50239477,-1
-212040000,1125998000,580526000,-724115518.4,-153168077.3,-402824705.2,46.86188409,-21.3819717,-2.576202802,16.639999,0.029998,0.180602036,69.08515773,0.473154574,-1
-4201955000,-1939385000,-471578000,-3732346922,-1966071451,-1171454513,9.697028357,-37.16485574,-10.81485092,20.49,3.850001,23.13702663,90.8388521,21.75369437,-1
303665000,1628413000,798202000,1899481372,2465459789,1406213393,98.30586078,-1.694139219,2.455694699,11.84,-0.14,-1.168614357,0.099206349,0.099206349,-1
-2835255000,-1013094000,308991000,-214158741,878727029.8,1596297422,91.76373259,-6.542128193,0.13492615,12.72,0.88,7.432432432,8.829365079,8.73015873,-1
82065000,-483953000,-1091900000,-334396388.6,410993339.8,363098628.8,83.7417874,-5.872514954,-1.435645331,13.04,0.73,5.930138099,12.00396825,7.242063492,-1
-3149060000,-1265911000,-1193931000,-2553581840,-1218675327,-426989195.6,67.62416666,-16.11762074,-4.304279772,14.73,1.69,12.9601227,28.76984127,16.76587302,-1
124815000,1306137000,1897134000,415749938.3,1210776769,1060222162,92.65551521,-3.500293206,4.89000831,13.16,-0.43,-3.164091244,22.24080639,-7.190636654,-1
-4407080000,-1821333000,-385069000,-3261772995,-1291012519,-192073812.7,80.51572588,-12.13978934,-1.0972225,13.12,-0.04,-0.303951368,21.57190996,-0.668896433,-1
-4100490000,-4089736000,-2471686000,-2750150013,-2719045922,-1586114629,72.63403148,-7.8816944,-5.842547545,14.31,1.19,9.070121951,41.47157884,19.89966888,-1
6175000,1261664000,593053000,-1449726544,-84736248.47,-228863274.5,90.33252406,-5.263416918,2.62412168,13.91,0.42,3.113417346,37.20930233,14.75421251,-1
-3294695000,-1349682000,-60737000,-2570872580,-1949159719,-872688464,68.49033392,-21.84219014,-2.009811926,15.42,1.51,10.85549964,92.20430108,54.99499875,-1
-299040000,1292734000,627318000,69687464.2,548902643.3,275327184.5,72.98731263,-19.7948446,-3.464101667,13.77,0.93,7.242990654,41.10671937,18.37944664,-1
-4295350000,-1962184000,-346620000,-2794381006,-1440753723,-617796540.9,26.9161804,-46.07113224,-13.53771207,18.139999,4.369999,31.73564996,100,58.89328063,-1
271695000,1527626000,794689000,1582564418,735351936.1,416348042.2,95.60596889,-0.597319317,-0.726774885,14.2,0.09,0.6378455,24.71561531,0.930713547,-1
-3206875000,-1156838000,156627000,307968743.6,608159058.3,368152523.7,89.0559892,-6.54997969,-1.894822475,14.8,0.6,4.225352113,30.92037229,6.20475698,-1
38030000,1336841000,1984095000,957298234.9,1682916571,1914124950,95.72966522,-2.65097458,3.388652222,13.37,0.28,2.139037433,8.49056764,5.735300217,-1
-3319675000,-1357867000,-26694000,-1449753484,-355212982.8,566036313.5,69.4736456,-26.25601962,-4.918067929,13.96,0.59,4.412864622,24.19929256,15.70872492,-1
282285000,1350640000,1872279000,-644357375.9,-158439831.9,252659344.2,82.69454589,-12.7834631,-0.708075033,12.69,0.85,7.179054054,47.25490196,16.66666667,-1
-189990000,-625350000,53354000,-704884161.5,-422801157.4,-421418056.7,70.54533245,-12.30949059,-6.594136366,13.28,0.72,5.732484076,58.82352941,14.11764706,-1
-822440000,792896000,1589446000,303085596.6,387865924.1,779652039.5,92.26066783,-6.828229928,4.590004698,12.11,0.08,0.665004156,13.74407583,1.263823065,-1
-4114945000,-1986387000,-521514000,-2039368161,-652745481.2,-277614903.6,78.18835155,-14.07231628,-1.942332913,13.69,1.58,13.04706854,38.70458136,24.96050553,-1
-190685000,-794951000,-34278000,-742309459.6,-143661915.8,434731362.4,92.59691795,-5.818964362,-0.840678198,14.21,2.32,19.51219512,13.72247894,11.87916087,-1
6040000,769429000,484825000,-707526461.7,-333194942.2,-473119163.3,89.09004704,-8.446954992,-1.159434642,15.92,0.86,5.710491368,32.11411616,6.29114804,-1
284935000,1706006000,756997000,892138210.2,1672643497,1082061024,59.71568392,-14.32336179,8.925541196,17.549999,0.539999,3.174597296,44.03802897,3.950248431,-1
301245000,1717373000,2445992000,508396254.6,1283502296,1558356368,65.5095591,-9.364273854,8.711456295,16.66,0.26,1.585365854,37.52742959,1.901974989,-1
73595000,-679108000,-1375565000,1814214010,536014753.4,429081941.4,91.48456734,-6.929021246,-0.397306977,13.86,0.82,6.288343558,9.460737938,7.757805109,-1
-3341705000,-1308406000,-1349541000,-522305974.4,717726924.8,231089782,84.81501963,-6.669547719,-1.524254326,14.23,0.37,2.66955267,12.96121097,3.500473037,-1
1143080000,249694000,846720000,-226589527.4,-285690631.9,319222192.7,89.06182205,-2.653525346,4.966461332,13.41,0.39,2.995391705,8.471276385,3.797468724,-1
-3228890000,-597894000,-613160000,-3228890000,-1419695716,-1061394390,79.74614245,-9.315679601,-0.061294802,13.62,0.21,1.565995526,10.51606724,2.044790851,-1
-50035000,-634828000,-22479000,-1602015209,-924097585.9,-539506369.7,41.78790194,-27.29445928,-4.302260643,14.71,1.05,7.686676428,63.65637364,23.12774821,-1
-5645000,1214738000,325905000,-1460104583,-683567307.1,-1202654170,60.86258761,-23.38653074,-1.663401185,13.26,1.15,9.496284063,31.71805469,25.3303909,-1
-3158545000,-1278018000,-40305000,-3039061231,-2079003489,-1355012336,51.47493176,-9.387655845,-4.4362726,14.01,0.75,5.656108597,48.23787484,16.51982015,-1
-48910000,1304066000,1959264000,-684428093.7,93797582.2,864011337.4,84.67331121,-10.21403502,3.554472476,12.22,-0.03,-0.244897959,6.115108647,-0.359712273,-1
-3518880000,-1471936000,-95610000,-744239440.9,-577754210.1,-94495054.05,78.97504965,-5.698261559,-2.898841632,12.12,-0.1,-0.818330606,4.916067736,-1.199040911,-1
-50965000,1539032000,2372773000,57490525.95,1220924652,1886960380,67.36490503,-5.393910373,9.885160535,12.12,-0.01,-0.082440231,4.916067736,-0.119904091,-1
-3579055000,-1441744000,81847000,-1015036271,-52428294.76,759834062.6,60.83332185,-6.531583181,0.546181912,12.56,0.44,3.630363036,10.19184774,5.275780009,-1
-41150000,1100756000,464726000,785503287.8,1457372876,1106591086,59.57192951,-6.216234252,4.593442787,13.79,0.77,5.913978495,31.7339184,8.396947481,-1
-3231455000,-1373565000,-168156000,-1108402791,44661762.77,739521996.5,40.07890514,-19.49302437,-0.24546034,15.25,1.46,10.58738216,47.65540323,15.92148483,-1
16990000,1907019000,2971271000,191455533.9,1688191499,2639231047,39.56586323,-6.278897467,9.687373192,28.43,2.380001,9.136280581,41.38174861,5.611886215,-1
85545000,-819129000,-1626366000,1633011938,507255141.6,-469840736.9,68.66010974,-11.62614155,-3.394331859,15.84,1.03,6.954760297,38.62770013,13.08767471,-1
-4108695000,-1605126000,-1644685000,-163810074.4,986202988.5,451301440.9,57.94044374,-10.719666,-0.49500961,17.6,1.76,11.11111111,60.99110546,22.36340534,-1
154030000,1862025000,2753707000,-310706397.6,519707348.1,1443370193,39.46600945,-25.30438289,11.37963575,18.940001,1.08,6.047032136,43.82584895,7.708779993,-1
87285000,-441182000,-741011000,-85572637.76,733249784.3,615884351.9,57.77635534,-11.28720392,1.435974577,17.290001,1.210001,7.524881841,25.91440669,8.452866881,-1
-2511380000,-980971000,-977197000,-2252357225,-1014919923,-159255880,43.87112419,-13.90523115,-1.573768453,18.209999,0.919998,5.32098292,31.14491042,5.230503734,-1
-3480105000,-3063825000,-1859404000,-1396326182,-1676105148,-1043230973,20.05409444,-23.81702975,-8.772992935,20.700001,2.490002,13.67381734,51.08087679,19.93596637,-1
-315020000,-1109814000,-1577876000,82544311.3,133866081.3,-395747676.6,8.952214979,-14.63615662,-11.79310333,20.59,1.25,6.463288521,49.67637942,10.11326943,-1
-4706625000,-2145655000,-2065306000,-2752957610,-1330309983,-825144038.5,2.574956692,-6.377258286,-9.369421446,24.99,4.4,21.36959689,85.27508781,35.59870838,-1
587520000,2310172000,1241860000,3653467311,3227470577,1986058228,45.13938692,-0.305446582,4.895743827,19.98,-0.220001,-1.089113807,31.34920635,-1.247171202,-1
-4392860000,-1418698000,398476000,-652204089,1438885009,1893081287,32.62504159,-12.51434533,3.422336815,21.98,2,10.01001001,42.68707483,11.33786848,-1
4795000,1590414000,2252831000,-1642891574,-503998477.7,467759410.1,89.08163909,-6.258725969,-1.911507055,13.95,0.67,5.045180723,17.4488589,8.54474931,-1
-104865000,1414249000,771274000,-557978489.4,-75529131.95,522954474.7,75.14811155,-13.63881264,-2.582093326,15.22,1.45,10.53013798,38.36389281,20.45133992,-1
-110890000,1430072000,2211520000,-188627601.4,106537559.4,855319030.3,47.58681501,-26.01960677,2.359334693,14.69,1.06,7.776962583,47.7124183,23.09368192,-1
135870000,1498147000,2159377000,2059374711,858945148.1,701424126.9,94.64278508,-3.846297996,2.029306388,14.64,0.56,3.977272727,41.55339806,10.87378641,-1
-3402665000,-1302013000,85466000,265718996.1,1023848625,568737611.8,74.13358292,-20.50920216,-4.045744948,17.030001,2.390001,16.32514344,87.96118447,46.40778641,-1
-3453520000,-3410709000,-2007593000,-2254778162,-928515498.9,-25017581.23,56.16020348,-17.97337944,-9.6838238,20.969999,3.939998,23.13562988,99.529953,11.56876853,-1
-2149755000,-1910507000,-833980000,-1633580544,-1465838170,-1071068517,12.1513083,-80.20923708,-7.106905678,25.76,8.51,49.33333333,96.44970414,51.9069269,-1
-6514335000,-3678964000,-3009729000,-4788186886,-2540040241,-2126058759,6.875134123,-5.27617418,-17.01250756,23.85,-1.91,-7.414596273,79.50000568,-16.94969846,-1
64115000,1310570000,619323000,2711358904,2089460101,2003181785,83.45197892,-1.148727152,4.111575249,11.94,-0.08,-0.665557404,23.52941176,-2.046035806,-1
-197010000,-817129000,-1445161000,-1185942087,121425385.7,458695111.2,38.87885747,-11.16903581,1.067874651,13.46,0.44,3.379416283,20.42889391,4.966139955,-1
-3763270000,-1625900000,-1563016000,-1184934728,-866330383.7,-101289303,33.77978357,-5.099073897,-0.241905336,14.24,0.78,5.794947994,29.23250564,8.803611738,-1
-3990015000,-3896931000,-2427464000,-1747195030,-1841499669,-1410241793,25.04447223,-8.735311342,-3.84686751,15.36,1.12,7.865168539,41.87358916,12.64108352,-1
-4112170000,-4020345000,-3948179000,-2635868699,-1848738411,-1877760377,15.98074869,-9.063723537,-8.19686744,16.190001,0.830001,5.403652344,51.24154628,9.367957111,-1
261930000,-671366000,-7230000,-325585939.7,105710939.6,622073463.6,87.01011341,-9.568623263,-2.673666121,11.81,-0.73,-5.821371611,55.58912387,-22.05438066,-1
270590000,-398751000,173911000,684288567,1007830142,1295915080,86.38503581,-2.695282077,2.038734173,11.21,-0.42,-3.611349957,41.05960265,-9.091454753,-1
-4271850000,-1727624000,-1507780000,-2585934014,-985635202.7,-213299562.8,84.21090142,-2.174134391,1.770630528,11.28,0.07,0.624442462,43.37748344,2.317880795,-1
26405000,-628486000,-1379251000,1057914621,1273115842,1670501442,93.89356229,-3.991547783,0.76161434,10.65,0.23,2.207293666,16.22023568,3.422618538,-1
-3791895000,-1575136000,-1477883000,-2046885704,-559581131.3,123051600.3,41.64274506,-52.25081723,-8.382251416,15.59,4.94,46.38497653,89.7321295,73.51189382,-1
-75905000,1866343000,1210914000,-69158085.58,1850846037,2405688789,83.39265787,-16.25115355,-0.433118314,10.86,0.49,4.725168756,21.5007246,7.070708091,-1
-3326350000,-1450740000,-138442000,625756058.8,1056362640,1060297890,80.21596318,-1.056592986,-1.876248171,11.11,0.15,1.368613139,35.91772152,2.373417722,-1
-3464565000,-3412937000,-2133668000,-200831151,-364814281.8,252446886.1,38.17065473,-42.04530845,-12.10403412,16.040001,4.930001,44.37444644,98.22648022,62.3087587,-1
-65300000,1455688000,665934000,317483394.8,469515801.1,329045896.3,92.76600674,-7.233993261,-0.567855837,13.84,2.76,24.90974729,86.97183099,48.5915493,-1
-3782240000,-1593758000,-70280000,-2547261027,-776213937.1,-310293222.3,79.6710619,-13.09494484,-2.988020639,14.79,0.95,6.86416185,90.33742331,3.365592327,-1
135315000,-1390025000,-728442000,-1523421535,-1985157768,-991827461.5,80.22729531,0.556233415,-4.87852598,13.54,-1.25,-8.451656525,71.16564417,-19.17177914,-1
161415000,-674218000,-1421267000,-778196627.5,-1228854052,-1634867369,79.48971747,-0.73757784,-5.355927648,13.47,-0.07,-0.516986706,70.09202454,-1.073619632,-1
-160215000,1203093000,1975390000,-287783471.9,1074165720,665110095.5,62.19941752,-10.38275346,4.748661162,18.59,2.79,17.65822785,23.36877775,6.74238779,-1
89540000,1353830000,657268000,765371113.2,1599076209,1945937428,73.58749764,-1.043578742,4.984706252,15.78,1.14,7.786885246,13.48370961,0.971442376,-1
-3243335000,-1255273000,35858000,-2061016751,-410715828.1,537116549.9,68.38144443,-5.206053218,3.558998364,16.35,0.57,3.6121673,14.13758255,0.653872942,-1
17020000,1318861000,1919397000,-347160866.8,34750858.52,218296242.3,56.1587733,-6.251519222,4.210380286,15.96,0.36,2.307692308,20.52672506,2.788536235,-1
-189110000,1196334000,1858798000,-879339160.1,-985775339,-213719803.5,91.95321323,-6.328976203,-0.705497967,12.94,0.6,4.862236629,22.73236282,6.718924972,-1
-126170000,566678000,1238378000,-1753816242,-912122351.8,-972152073.8,95.43815714,3.484943911,-1.203394978,12.12,-0.82,-6.336939722,13.54983203,-9.182530795,-1
-950950000,-1351650000,-481258000,1818743057,72711696.74,24998310.58,94.00047358,-1.437683566,-0.644800609,11.98,-0.14,-1.155115512,11.98208287,-1.56774916,-1
-4357970000,-2099594000,-1983846000,3318611827,2321160100,989666845.6,90.99823005,-3.002243527,-1.252065843,12.31,0.33,2.754590985,15.6774916,3.695408735,-1
95285000,1235810000,1822831000,-536569972.1,149277739,859894582.4,96.65773277,-0.437470983,2.200515448,10.85,-0.08,-0.731930467,3.630362637,-0.880087912,-1
-3009625000,-1154164000,22669000,-1079867044,-961589063.9,-362684225.9,94.25463291,-2.403099856,-0.319768557,11.27,0.42,3.870967742,11.65254114,8.022178502,-1
-5160000,1081047000,1652895000,575996267,374111865,702599685.7,89.4559135,-9.199698442,-1.996644168,13.53,1.28,10.44897959,50.22420774,19.13303152,-1
-1134940000,636815000,1478725000,-991756026.7,-472975984.4,-66480282.35,92.22521707,-4.849714218,3.777527596,11.68,-0.12,-1.016949153,22.57099812,-1.793721705,-1
-4489910000,-2253388000,-699402000,-1413054497,-737441039.4,-476359340.3,85.10076695,-7.12445012,-1.016815989,12.2,0.52,4.452054795,30.34379218,7.772794055,-1
-3328845000,-4016811000,-2683496000,-695952273,-1405627538,-957694219.2,82.46532209,-2.635444863,-3.281240289,12.42,0.22,1.803278689,33.63228197,3.288489792,-1
-3337050000,-3342441000,-3796553000,-2413758430,-1447222036,-1669915625,75.83178838,-6.633533703,-5.224618079,12.89,0.47,3.784219002,40.65769198,7.025410011,-1
-163885000,-1422837000,-2064502000,-2091109859,-2156021987,-1597576539,80.55922037,4.727431988,-3.260097196,12.41,-0.48,-3.723816912,33.48280516,-7.17488682,-1
-185725000,-821936000,-1441887000,-733090991.6,-1404975554,-1676961740,80.54475713,-0.014463236,-1.101812134,12.12,-0.29,-2.336825141,29.14797771,-4.334827454,-1
-34055000,554592000,-116321000,-517787892.2,-746835890.7,-1190177299,88.20991678,7.665159644,1.620215814,12,-0.12,-0.99009901,27.354256,-1.793721705,-1
-18845000,-704578000,-88639000,-1063339380,-745252646.1,-822129727.1,87.37177442,-0.838142359,3.073066848,12.05,0.05,0.416666667,28.10164004,0.747384044,-1
98415000,728118000,21975000,-1546875767,-1344217053,-1038533339,88.87450464,1.502730221,2.345758582,11.61,-0.44,-3.651452282,21.52466046,-6.576979585,-1
53315000,-615219000,167326000,2383397395,859951309.2,880627721.4,42.83853862,-0.308142926,8.874557898,17.4,-0.220001,-1.248586762,35.51296505,-1.240140924,-1
-3469075000,-1385114000,-1351327000,88769337.88,1111321696,519716205.1,25.29081762,-17.54772101,2.678829872,20.059999,2.659999,15.28735057,50.50732244,14.99435738,-1
142130000,1530011000,2226249000,2197250303,2592823897,2549974318,60.25731853,-2.092603864,7.206330246,16.719999,0.359998,2.200476638,31.67981398,2.029301015,-1
-3824790000,-1483498000,-16368000,607778860.2,1538967738,2022110989,52.60397718,-7.653341352,4.054304784,17.360001,0.640002,3.827763387,35.28749154,3.607677565,-1
101140000,1711944000,811242000,-404753820.9,966561668.2,623646488.4,25.92469177,-13.5406847,-0.807758406,20.1,1.960001,10.80485727,50.05714286,11.20000571,-1
-156890000,1722046000,1041270000,-1543114282,513289744.4,796721605.4,35.68471857,-28.45413034,0.294831901,20.74,4.299999,26.15571009,37.74019985,29.11823227,-1
14085000,-767721000,59668000,-2267452331,-2225764977,-1194954178,29.02297415,-0.004495505,3.607305051,20.65,-0.809999,-3.774459635,39.5134195,-6.795293054,-1
-78030000,562580000,-107646000,303107892,504412140.7,314002078.5,66.25144104,5.568404871,-4.614632047,12,-0.14,-1.153212521,75.87209302,-5.973145072,1
-137520000,-681998000,-53602000,1320139411,636124394.8,659321726.3,64.95277547,-1.298665579,-3.483897435,11.91,-0.09,-0.75,73.25581395,-2.61627907,1
-136860000,443048000,-113460000,1562526303,1539367651,1010281560,68.5808621,3.628086635,-1.064086132,11.47,-0.44,-3.694374475,60.46511628,-12.79069767,1
-12115000,-1068303000,-1664746000,683397210.7,286038226.1,-347679753.7,78.32355826,14.97437531,-5.3261547,10.96,-0.49,-4.279475983,45.63953488,-14.24418605,1
128235000,-1048170000,-1637053000,695515614.2,-156796319.6,-48182093.83,82.19099017,22.21544427,-5.397811861,10.34,-1.27,-10.93884582,27.61627907,-36.91860465,1
-61180000,-1378438000,-2141184000,-382739204.2,-1529462064,-1018931052,24.47496475,24.30370442,-2.674473919,15.96,-3.669999,-18.69586952,58.45004669,-34.26703081,1
136390000,532477000,1029809000,22319644.02,69569663.53,-7161617.549,23.76275446,19.219397,-4.46321692,17.27,-0.859999,-4.743513775,65.54112554,-13.17034972,1
-24625000,-629436000,-1159119000,868026412.3,141222440,-292308931,58.28468574,-1.711286589,-4.033200094,14.64,-0.5,-3.302509908,42.77056277,-4.329004329,1
-14040000,557593000,-39687000,1398780422,1257188326,642931706.8,62.06587776,3.781192013,-0.460074656,14.53,-0.11,-0.75136612,41.81818182,-0.952380952,1
2898820000,1155692000,1146870000,2100534549,1642972588,1467180469,75.61232268,13.54644493,4.416447896,13.46,-1.07,-7.364074329,32.55411255,-9.264069264,1
-89810000,404128000,891972000,522588806.6,794666380.2,479573364.4,85.89004837,9.15058624,0.239787767,12.71,-0.78,-5.782060786,24.22360248,-8.590250329,1
-265460000,991290000,336688000,-1589448260,-76840674.48,-448291854.2,37.49506637,-21.18540722,-7.116405582,16.67,1.96,13.3242692,91.82879377,34.4048224,1
10865000,458483000,1055002000,11870045.52,-337306377.5,253718052,67.28875514,29.79368877,1.295876341,14.73,-1.94,-11.63767247,53.90625,-37.92254377,1
-190000,-1326142000,-2182968000,443304241.9,-495701243.3,-1295813023,39.30455842,26.88493083,-9.193381493,15.53,-3.359999,-17.78718464,50,-50,1
-80680000,441763000,946203000,-199384208,-202754113.9,164972055.9,61.33372283,15.32460843,-5.959554988,16.639999,-0.930001,-5.293118953,66.08694203,-13.47827536,1
397545000,1121971000,2093818000,425019479.8,444370600.5,1223023886,31.34388466,31.1326661,3.834879041,22.940001,-2.219999,-8.823525437,74.58604569,-17.64270008,1
1109185000,-907971000,-1869064000,710565789.2,-1066517199,-1809557275,21.94821018,20.40408625,-1.527848422,30.83,0.16,0.521682426,71.23760241,-22.56569491,1
-127010000,-1105869000,-572187000,-95974109.53,-993634590.9,-467778343,50.27523468,16.9455029,-2.400970236,23.809999,-2.49,-9.467680968,40.03503723,-10.90670171,1
89805000,-1187013000,-713056000,1478932793,243976138.2,234679395.5,54.65331943,10.74903826,-1.480317515,25.27,-2.109999,-7.706351633,45.49910873,-9.402847594,1
-344570000,-1583802000,-787274000,-645954958,-307176987.6,-6489579.92,51.58243247,3.95610268,-7.288323367,21.639999,-1.32,-5.74912917,43.64206436,-10.3610675,1
3390475000,1133177000,-185560000,2965595263,833468275.8,566179178.1,60.78566265,9.203230184,-5.347728452,20.41,-1.229999,-5.683914311,33.98744113,-9.654623234,1
-347090000,1164207000,401431000,3376140340,3177119164,1685193205,55.98684713,-4.798815522,-2.488082491,20.799999,0.389999,1.910823126,37.04865777,3.061216641,1
-4093630000,-1863772000,-350680000,2274696888,2667968399,2771344928,54.90498909,-1.081858033,1.896173328,21.17,0.370001,1.778851047,39.95290424,2.904246468,1
307125000,297444000,-579227000,164142635.2,225752659.3,-533571226.4,13.01841597,12.35955658,-0.005274962,26.280001,-2.629999,-9.097194742,67.95470353,-17.52164557,1
77330000,-1330820000,-619252000,-624159920.7,-1716259562,-935691660.7,33.32878267,6.191159072,-7.209188428,22.639999,-1.880001,-7.667214519,38.36615329,-13.71262482,1
161195000,-601623000,-1314072000,742911772.7,-358694438.2,-1175249360,31.97873526,-1.350047416,-5.713215572,21.68,-0.959999,-4.240278456,31.36397291,-7.002180379,1
-1651505000,-3446824000,-4177149000,3283298437,1715166085,114198045.4,27.03926903,12.51344485,5.60554347,29.02,-1.99,-6.417284747,55.67651403,-10.31622656,1
-87675000,947294000,163205000,1437684847,1316874889,350191466.3,30.19229809,3.42655966,1.237125959,27.6,-0.41,-1.463762942,48.31518654,-2.125453713,1
-62000000,754290000,43980000,194360096.2,675918621.9,156864382.4,36.91552711,5.237204067,0.122181689,24.059999,-1.060002,-4.219753017,26.65580347,-7.714259783,1
-5418395000,-2244407000,-2043584000,-296629213,645378993,-114889033,14.11104024,-0.24949811,-5.950785755,32.240002,1.080002,3.465988447,66.54113204,6.779673146,1
-173690000,-2218649000,-1169239000,3479670433,1585082559,1585850772,53.04947409,38.93843385,2.267097018,25.790001,-6.450001,-20.00620533,29.72781015,-36.81332189,1
251005000,-1429474000,-2290809000,-919069732.5,-2043019598,-2192964493,47.4855196,5.598311428,-6.176802244,25.610001,-0.099998,-0.388945951,28.43841178,-0.716318103,1
8105000,-1468776000,-733167000,-60866603.18,-1212500947,-1038932275,58.96017224,4.651422542,-5.507763605,22.780001,-1.039999,-4.366074727,10.91036907,-7.227234693,1
-312505000,-2554325000,-3840264000,2798110764,317059366.4,-396332724.1,20.54144545,14.08302553,2.461560067,25.1,-3.440001,-12.05326167,58.62319265,-24.92754528,1
-9137615000,-8779368000,-8365687000,-2035992557,-3049448152,-4056091640,12.82703921,12.6416943,-0.712333712,69.949997,6.029999,9.433665815,88.01028364,-9.82895573,1
769450000,-2059150000,-775060000,1025900491,309565388.1,884899637.4,23.17196839,21.10300395,0.906611361,66.959999,-13.099999,-16.36272711,66.6223006,-19.47984058,1
201080000,-2753306000,-1457628000,599042592.2,-2371094945,-1618778064,13.81935031,12.80914548,0.259867821,72.669998,-8.190003,-10.12862095,66.72587001,-16.7943774,1
59045000,252484000,1399327000,-225223968.8,89459930.34,1293156724,35.54023019,12.88513397,0.274298986,62.98,-5.530002,-8.071817017,41.3648419,-12.21290221,1
-1252710000,-2617778000,-1026174000,-946868855.8,-909299368,-1480359051,47.70535809,1.872509733,-2.213217915,44.209999,-0.810001,-1.799202577,7.26548359,-2.015429111,1
1713300000,-32956000,-1349586000,1164781523,-57064045,-328619323.4,49.45025065,1.744892557,-1.262336908,43.380001,-0.829998,-1.877398821,5.200298323,-2.065185267,1
-721690000,218956000,-447100000,1501623302,1321741932,454858083.3,48.18190845,-1.268342199,0.195878689,43.900002,0.520001,1.19871136,6.494154939,1.293856616,1
-5835000,1352465000,78586000,2130145067,3146499504,1487766026,19.81370575,3.188830084,-8.297759118,47.27,-0.020001,-0.042294353,32.75535934,-0.063054861,1
670505000,1874120000,238569000,1856854927,683576984.2,-731980631.4,25.02013372,20.66431377,3.492651057,44.369999,-5.310001,-10.68840781,32.5895105,-27.55578996,1
7307220000,7698612000,4781704000,2682612537,4072057492,2554610956,39.77353921,13.91955466,8.751009904,41.18,-2.430001,-5.572118652,16.03528718,-12.61027957,1
293680000,1089151000,-113941000,2591482259,1491577476,1169681075,36.50902181,25.22148177,6.711501255,26.309999,-2.710001,-9.338390765,15.45547436,-27.73798078,1
4324235000,1870861000,1875448000,4324235000,3249542355,2296919135,42.02051702,5.511495211,8.161324938,25.02,-1.289999,-4.903075063,2.251801202,-13.20367316,1
4693930000,4581093000,2859891000,4414374664,4413359799,3667189769,72.90300965,30.88249262,14.57945707,25.889999,0.869999,3.477214229,19.18062384,16.92882263,1
-609225000,-3008516000,-3887583000,1252789132,-1277931649,-1395219930,77.92873046,4.761790732,-4.750817739,27.1,-1.8,-6.228373702,62.40487062,-17.97660077,1
-634965000,-2676738000,-3749517000,1573687286,-745444698.4,-756171158.2,60.95035662,15.00393339,-7.100554217,26.84,-1.84,-6.415620642,63.00812507,-24.9322527,1
-154890000,934336000,-354756000,-2113599380,-231074450.5,-1073283295,28.16607371,6.978556986,-9.926926146,29.780001,-0.91,-2.965135127,82.45316014,-9.713950395,1
5845070000,2173580000,2123574000,2895324721,240520045.9,710830190.2,31.27383668,3.107762976,-6.628091122,28.809999,-0.970002,-3.257226217,74.19079216,-8.262367973,1
512220000,1830020000,555638000,-1754710452,322181991.1,-476377695.8,24.55878436,13.0061693,-0.485978654,26,-0.51,-1.923802339,73.94822394,-4.12621426,1
-1289605000,-4906397000,-6007664000,1894618359,1680495828,1121365614,60.99599695,31.71870127,3.234847923,28.84,-12.110001,-29.57265129,50.55720278,-44.98514153,1
362595000,-2183373000,-1256698000,178260081.4,-1834724824,-1280678072,11.85340667,6.440636639,-6.989162162,33.700001,-2.869999,-7.847960077,55.65749371,-8.776755083,1
-419210000,1007979000,-1691000,209549153.5,1343049711,269676904.4,25.72893076,17.40030249,2.744938359,30.57,-3.16,-9.368514675,46.0856255,-9.663608267,1
361370000,-2110759000,-3196449000,-893077981.1,250382411.8,-340171394.8,10.54351952,3.369016912,1.801316666,29.65,-0.470001,-1.560428235,26.76667588,-1.855511251,1
4811230000,2165312000,-84088000,1911704954,794934999.5,994570934.6,30.3455399,19.80202038,5.783797574,26.84,-2.81,-9.477234401,15.67311094,-11.09356494,1
560390000,1275173000,433753000,-1060853305,247463724.4,-104303275.4,10.75497075,-9.483375746,-6.09443339,26.049999,-1.16,-4.263138709,62.03701879,-9.304437637,1
4217825000,2059175000,2036102000,2431656495,672946021.5,967224265.6,45.33177387,34.57680312,0.449057142,23.889999,-2.16,-8.291746959,33.46558644,-28.57143235,1
4050545000,4081646000,2687939000,3909921764,2981820250,1625958683,56.28769606,10.95592219,5.427088611,23.190001,-0.699998,-2.930088026,24.20635241,-9.259234029,1
58630000,784790000,1513906000,-1052860610,46454402.89,997868524.8,66.08221826,7.851268637,4.344414235,23.25,-0.549999,-2.310920265,26.171875,-7.161445312,1
3224465000,3240848000,1974479000,377301672.7,300867163.6,-321172368.9,78.00990348,5.997311437,2.503926316,21.99,-0.819999,-3.594910285,9.765625,-10.67707031,1
232365000,1068681000,165376000,1003603459,797224857.1,155892215,98.36664307,15.50438424,0.273899937,21.76,-1.770001,-7.522315872,11.27633209,-21.93309789,1
131705000,-1451482000,-1800587000,1869598425,1869074054,1392921379,72.23466148,33.72528519,-1.709489494,21.360001,-2.18,-9.260832232,59.21054276,-35.85526316,1
4759455000,2025074000,338493000,4307415337,2929937304,2576141430,92.23786434,20.00320285,8.137087776,19.389999,-1.970002,-9.222855373,26.80919408,-32.40134868,1
4353290000,4473487000,2745889000,3867460554,3958230352,3156306659,96.67928378,4.441419445,13.81055524,18.01,-1.379999,-7.117065865,4.893979626,-21.91521445,1
164740000,897815000,1737115000,307397346.9,-383921791.8,-1284890210,94.85541316,10.07511901,-1.83036191,17.389999,-0.550002,-3.065785782,9.916187151,-7.681592179,1
4684645000,1962267000,1851808000,2820451474,1082314691,363129483.7,96.24157682,1.386163665,0.81749092,16.110001,-1.279998,-7.360540964,7.756575179,-2.159611972,1
4090305000,4338476000,2638947000,1334627695,2159261513,1220900312,96.02548408,-0.216092746,1.636389389,16.41,0.299999,1.86219107,11.33651551,3.579940334,1
1243450000,-25123000,169063000,1455456949,729939728.7,227847807.3,95.83207602,1.367748266,-0.752514634,17.610001,-0.139999,-0.788726761,26.18484597,-1.658755924,1
7150000,-1888288000,-2858538000,1808054563,1775386610,1301103789,96.4913355,4.497459372,-0.88705555,16.889999,-0.650002,-3.705826471,17.65401659,-7.701445498,1
-725735000,295453000,1386796000,-883125887.4,-406092953.7,-40710172.97,80.10094957,10.77077827,-5.971388172,19.530001,-0.51,-2.544910053,88.32273885,-10.82802548,1
4665830000,1530625000,1459297000,3923128228,1154607048,793384692.2,98.57876095,18.47781138,-1.539169789,17.629999,-1.900002,-9.728632374,47.98299363,-40.33974522,1
136365000,1221343000,2027502000,818278605.5,1662537689,2168276324,97.85390951,3.258964137,7.154147225,16.690001,-0.609998,-3.526000204,28.02549894,-12.95112527,1
-849025000,-2653135000,-3293404000,-650962169.7,121007509.1,536535829.4,25.96290122,17.72256815,-6.505035004,26.370001,-3.029999,-10.30611905,70.09744396,-18.45309875,1
4410225000,1309730000,-612595000,-392889551.6,-959115557.8,-341751309.3,31.74062797,5.777726743,-0.459998089,24.440001,-1.93,-7.318922741,58.34348609,-11.75395787,1
4454615000,4381804000,2324281000,396101356.2,491887428.5,-180522235.7,51.9153962,20.17476824,7.730091911,20.610001,-3.83,-15.67103046,35.01827436,-23.32521173,1
-168720000,743516000,1551786000,2160086047,1732212223,1830018251,70.31302718,8.273407013,-0.38068088,15.83,-1.129999,-6.662730346,5.562346848,-6.90708393,1
4061290000,1558282000,1590772000,3306078529,2516676258,2112563639,89.93475848,19.6217313,3.425791719,15.07,-0.76,-4.801010739,4.534746494,-1.027600354,1
882965000,1391738000,2062401000,1509444885,1983182407,2240702354,97.70143383,2.357959766,6.018552888,15.62,-0.15,-0.951173114,7.773851132,-0.883392174,1
-93135000,-1917450000,-2642507000,-790273894.9,316872032.3,-224717807.9,21.43624181,12.2103916,-4.031141441,20.559999,-0.540001,-2.559246445,56.94735789,-5.996274673,1
3580285000,1396476000,-316271000,2588574670,768310853.4,986879888.8,38.07842547,16.64218366,2.331508675,19.17,-1.389999,-6.760695854,42.31578947,-14.63156842,1
4014520000,3820583000,2284611000,3352558656,2839919740,1542628839,48.67326668,10.59484121,8.099414597,17.27,-1.9,-9.91131977,22.31578947,-20,1
-666510000,-191715000,-581443000,-1183800393,-457717248.1,-741610657.1,27.88891208,20.34989292,3.002262402,39,-3.990002,-9.281232413,72.62773723,-12.13504258,1
134350000,-1406589000,-555791000,-4458285714,-3796414352,-3088588027,8.739276754,0.113719725,-8.1682028,42.439999,-0.61,-1.41695706,83.09002129,-1.855231144,1
5224715000,2128187000,436282000,396687232.7,-1592999982,-2106847651,23.85265203,15.11337527,-3.134469855,36.27,-6.169999,-14.53816952,64.32481752,-18.76520377,1
-356550000,805821000,1879765000,-228343759.1,869273567.6,1917576319,29.52068228,6.876140683,4.035470064,35.59,-4.169998,-10.48792306,62.04892966,-12.890237,1
291090000,-1623534000,-793544000,968618041.2,-746069876.6,-51585484.8,24.74129824,3.275499583,-2.050434409,38.59,0.07,0.18172378,69.507454,0.226830842,1
4924960000,2095920000,217894000,4002510212,1968507729,492085887.8,29.05971129,4.318413055,-3.060784484,36.91,-1.68,-4.353459445,64.0635138,-5.443940199,1
4834055000,4919135000,3035050000,2237429397,3157128904,2082921018,35.50070433,6.440993038,0.985907229,34.599998,-2.310002,-6.258471959,56.57808955,-7.485424255,1
-977835000,-2478772000,-1226057000,-1020297966,-2488055312,-2136924277,31.53773862,31.30256433,-4.466825908,40.82,-4.630001,-10.18702068,63.75597705,-24.11758687,1
3112645000,537952000,-967935000,2857797671,394094756.3,-1055874382,44.41454098,12.87680236,0.609875205,37.810001,-3.009999,-7.373833905,45.75359176,-18.00238529,1
-566790000,631387000,1246869000,803431821.8,1670060171,1944087809,77.02965272,25.28541036,9.831352957,33.02,-3.180001,-8.784532907,17.10526213,-19.0191436,1
1128275000,-629137000,-1637134000,642925428.6,-920108762.2,-1171515324,54.05480813,15.54913159,-1.387390658,32.130001,-2.34,-6.788511552,34.26916221,-10.42780749,1
3956700000,2266835000,715707000,617751300.2,166871827.1,-716466433,44.92592156,-9.128886564,-0.0000842,30.639999,-1.490002,-4.6374166,36.99282816,2.723665952,1
197885000,1356489000,2078980000,523008291.3,-654534806.2,-1110772039,61.67165299,26.82841269,3.623894179,23.219999,-1.700001,-6.821833868,4.536344835,-7.034483466,1
3507305000,1411996000,1779695000,3080961180,1417722801,334455899.6,63.47756493,1.80591194,5.78954903,21.43,-1.789999,-7.708867688,1.889086153,-2.647258681,1
-35925000,382624000,836575000,14714940.16,-272083889.9,164690418,87.77859604,11.25410321,1.914247515,22.65,-0.87,-3.698979592,14.3300257,-5.397022667,1
835930000,957812000,320630000,-273691425.3,250046805.5,-110591843.2,93.99814358,10.77841988,1.508010157,22.969999,-0.430001,-1.837611111,16.31513129,-2.667500165,1
134405000,-1440615000,-2268972000,177469221.3,668483738.7,717545873.4,92.84515125,8.909179358,0.469649984,18.549999,-0.890002,-4.578199353,12.4025505,-6.307597002,1
4312640000,1767355000,173025000,735928583.8,288299332.5,578698973.7,93.95123307,1.10608182,2.250200412,17.98,-0.569999,-3.072771055,8.362869712,-4.039680791,1
-305340000,-1631154000,-2226784000,-407556309,-551275510.1,-606615425.2,74.70633784,9.22756554,-7.007113568,19.07,-1.800001,-8.624824695,40.46320975,-24.52317105,1
3561720000,1237752000,-160488000,2248617653,665990713,212328904.9,87.9255475,13.21920966,-2.012982768,17.950001,-1.119999,-5.873093865,25.20436986,-15.25883988,1
-18880000,773182000,-59046000,1906755.71,-866654088.7,-1153995148,38.78561179,6.108113498,-4.410467709,18.1,-0.869999,-4.586183689,58.57519789,-11.47755937,1
3807765000,1549911000,1555022000,2178416005,1180040837,208288913.6,61.51782242,22.73221063,2.547631101,16.82,-1.28,-7.071823204,41.68865435,-16.88654354,1
-362860000,-2068247000,-2851759000,285456430.7,-1534929847,-2447096374,18.41258083,15.92792563,3.45107958,22.01,-3.09,-12.31075697,71.54546105,-28.09091164,1
-4613485000,-4284140000,-2673115000,-2000713874,-1951605047,-1078693465,0.572202005,-14.30535682,-5.544743053,26.66,2.600001,10.80632214,99.5438047,13.96193183,1
-328695000,-2031438000,-2672557000,-1324535590,-1106515352,-1371842308,7.699601149,7.127399144,-6.500544293,26.120001,-0.539999,-2.025502626,86.56094324,-12.98286146,1
3835795000,3845388000,2144359000,3299773344,2751212811,1202623816,32.56833311,19.94212799,4.743555166,22.16,-2.52,-10.21069692,53.50584307,-21.03505843,1
-44440000,1204601000,394595000,-476979379.5,322479661.5,-347813257.7,38.3756098,6.756283573,-5.091737453,19.719999,-0.66,-3.238469246,27.18180909,-10.1048718,1
3349925000,1300703000,1685016000,1697137391,465720763.5,684460076.6,47.75911906,9.383509257,0.882982515,19.450001,-0.269998,-1.369158284,24.72728182,-2.454527273,1
310555000,775469000,1395946000,3738503765,3150763125,2669436416,89.03611535,39.10420944,12.63898744,17.08,-2.629999,-13.34347607,2.828467153,-23.99634124,1
-220755000,-1525784000,-2175753000,1801815471,1552756509,783939206.1,83.31635191,20.375687,0.178604031,16.74,-1.59,-8.674304419,4.10122164,-13.87434555,1
355065000,-1326265000,-2140714000,1707472943,816084532.9,508792178.8,82.07655916,19.47206347,-1.57589345,17.530001,-1.809999,-9.358836608,16.93811889,-14.73940554,1
-221285000,-1884421000,-2604478000,1483918949,11985911.57,-1020432945,96.37874961,27.7932134,-1.600014713,15.64,-1.93,-10.9846329,2.004219409,-20.35864979,1
-207525000,-1603023000,-2163302000,120480386.1,-1226505913,-1181111215,74.91291839,9.278068412,-4.587756418,14.84,-1.969999,-11.7192095,27.20848537,-31.78309446,1
-2075000,592931000,-119730000,-1189227958,-153078294.3,-268880991.9,62.49843645,3.03992172,-2.624862998,16.32,0.59,3.75079466,53.35689989,10.42403011,1
174530000,893005000,213087000,625918630.8,-886989369.9,-1448691679,55.89477022,14.80442111,-0.85568277,15.27,-0.869999,-5.390328711,32.90909689,-16.55325964,1
58520000,-1590628000,-2293442000,1243137567,-282972089.4,-973560395.8,12.95355454,8.657800911,1.275335103,16.41,-1.58,-8.782657032,45.81939799,-26.42140468,1
3710355000,1452143000,-111830000,3244681610,2069778862,776825326.2,34.11961768,21.16606314,7.236158659,15.24,-1.17,-7.129798903,26.2541806,-19.56521739,1
503105000,-945192000,-252613000,125153055.9,-818451904.5,-638312156,54.63663625,1.847998,-0.879464723,16.459999,-0.660002,-3.855151644,38.05823301,-12.81557282,1
3741810000,1696165000,332947000,2196254142,1158670207,185094516.6,58.49833369,3.86169744,0.568222934,16.58,0.120001,0.729046217,40.38834951,2.330116505,1
388825000,-858427000,-1393198000,452136053.7,522583723.9,214377119.7,79.15905017,22.70413908,-1.752516368,18.02,-4.699999,-20.68661623,38.41607565,-55.55554374,1
3703465000,1814508000,507779000,3640741552,1839485617,1424000876,99.99159389,20.83254372,6.155035283,14.68,-3.34,-18.53496115,0.926998841,-37.48907681,1
36395000,-1329814000,-652235000,174071564.4,200960804,626037736.7,94.44584401,3.10618596,-0.859867299,13.81,0.19,1.395007342,5.894105894,5.894105894,1
3878115000,1613828000,177211000,2014553674,1297659626,941056432.1,99.86036921,5.414525201,0.138214431,13.49,-0.32,-2.317161477,2.697302697,-3.196803197,1
66170000,-1262794000,-459660000,2103830018,2164055600,2533595549,99.14476546,0.744414314,0.793782483,13.55,0.03,0.221893491,3.296703297,0.2997003,1
-17885000,613960000,-237383000,-600827092.1,257981138.7,121558098.9,74.40336425,6.843309502,-3.356930119,16.870001,-2.119999,-11.16376514,45.01881062,-16.95428355,1
3763565000,1452352000,1383503000,2604155686,640117993.4,799008452.1,85.72797041,11.32460615,0.034984408,14.73,-2.140001,-12.68524525,36.80555044,-8.213260178,1
-108355000,609310000,1426037000,-386601834.7,112310129.6,751509659.7,83.93442385,4.438714104,3.784108368,15.36,-0.15,-0.967117988,45.55554923,-2.083333044,1
3555020000,1328877000,1328243000,3179198449,1079391830,923335251,92.76167042,8.827246573,3.492306578,14.01,-1.35,-8.7890625,26.80555183,-18.7499974,1
-160465000,-1760452000,-997419000,884114691.8,-209974917.7,294541852.4,62.52448928,12.14172969,-2.419435573,14.97,-2.589999,-14.74942567,47.6306139,-31.47021489,1
3274875000,1154672000,-350365000,2612776043,1439582432,525033445.7,68.97811416,6.453624884,-1.860415553,14.39,-0.58,-3.874415498,46.51810585,-1.112508047,1
-486245000,974071000,99550000,340311621,800614027.7,-52581052.36,21.83685581,11.77773075,-4.968795985,18.469999,-1.640002,-8.155156233,64.35232124,-16.99483938,1
3659755000,1151872000,1579377000,1490024364,864872551.8,996887179.4,33.84313822,12.00628241,5.667448188,17.209999,-1.26,-6.821873677,51.29532642,-13.05699482,1
-675540000,194370000,-665960000,224811669.7,-277616509.1,-619603173.3,43.42139176,1.048543139,0.963349118,16.200001,-0.24,-1.459853926,40.82902591,-2.487046632,1
2300095000,581523000,742442000,1786751130,1008144402,412081371.8,56.41308925,12.99169749,4.073315339,14.89,-1.310001,-8.086425427,27.25388601,-13.5751399,1
3074365000,2697848000,1419549000,1631819529,1535235222,1100002706,63.1690525,6.755963247,5.424517607,14.78,-0.11,-0.738750839,26.11398964,-1.139896373,1
3334975000,3142686000,2868901000,1399865332,1682190279,1601010491,72.51865899,9.349606494,8.003928148,14.35,-0.43,-2.909336942,21.65803109,-4.455958549,1
3083185000,3219824000,3130015000,1007910844,1021540211,1335865216,72.75519724,0.236538248,7.47731807,14.21,-0.14,-0.975609756,20.20725389,-1.450777202,1
-3075720000,-2918343000,-1675873000,-312099985.5,-97625190.71,592120806.4,87.43806151,-4.325671082,-3.203153693,12.98,0.26,2.044025157,11.40873016,2.579365079,1
-217590000,-1181674000,-621622000,-1284695323,-1700579636,-1066013796,21.32474968,-3.327971381,-9.1705136,16.49,-0.28,-1.669648181,87.92454489,-2.057240172,1
2655780000,906112000,-111178000,51631102.09,-791412340.6,-1233096210,13.01710888,-8.307640807,-11.44583802,16.809999,0.319999,1.940563978,93.96226301,6.03771812,1
498655000,784028000,1241099000,-791783480.8,-571230489.8,-361299985.5,14.96354997,8.272558347,-3.401210025,16.610001,-0.399999,-2.351552028,79.93314046,-6.688947607,1
3521880000,1665999000,1467133000,635621514.4,123459511.6,-34586158.48,31.15567184,16.19212187,2.160828541,15.88,-0.730001,-4.394948561,67.72576383,-12.20737662,1
3040495000,3113653000,3251876000,-188679692.6,493065365.8,313644612.8,33.69835572,0.10959601,7.263993792,15.85,0.08,0.507292327,67.22409151,1.337792866,1
4305000,-1157887000,-582694000,-1284147636,-1733879190,-1014545919,28.25476027,0.927896152,-7.771272402,19.6,-0.74,-3.638151426,80.27210884,-11.9911706,1
3470070000,1369057000,139345000,2112738802,324519178.5,-511524128.7,63.57073845,35.31597818,-1.523571723,16.48,-3.12,-15.91836735,44.89795918,-35.37414966,1
3153485000,3301673000,1957130000,3106119377,2458854907,1151336457,73.96227136,10.39153291,8.913957176,15.72,-0.76,-4.611650485,36.28117914,-8.616780045,1
79220000,488932000,1062022000,496373143.6,756952533.6,1227665656,91.87426032,22.93190428,5.158712841,14.71,-3.95,-21.16827438,24.82993197,-44.7845805,1
3469885000,1432227000,1254366000,3380244997,1643156282,1434614829,99.71699655,7.842736234,6.264337209,13.48,-1.23,-8.361658736,10.88435374,-13.94557823,1
-153015000,490501000,-182232000,-42303565.43,-108881528.4,96157396,96.41942835,18.22132893,-0.812433786,12.9,-1.01,-7.260963336,6.222222222,-11.22222222,1
53225000,470050000,1226839000,1886024227,1514719070,1893674150,100,5.84856699,4.133580583,12.52,-0.3,-2.340093604,2,-3.333333333,1
74410000,-1253453000,-1962783000,-125285339.7,-569339708.1,-1109431917,63.02533623,15.35945992,-7.543883327,16.030001,0.270001,1.713204315,98.53660976,6.585390244,1
528870000,953286000,235298000,1814547184,1248321323,688081434.7,95.73839396,40.29695271,9.705474368,13.8,-2.409999,-14.86736057,38.02521008,-52.14570872,1
800245000,1428757000,614702000,1777297468,2594576390,2116653974,92.99800056,-1.13701466,9.863890261,13.79,-0.36,-2.544169611,37.81512605,-7.56302521,1
-328815000,-1887800000,-1112535000,-1058713953,-1115252482,-494894619.5,13.97726795,11.97152738,-1.665394706,19.110001,-2.33,-10.86753681,75.79163432,-23.79979571,1
-79440000,774430000,-154890000,2865180035,2575071856,1150155258,31.44707273,19.29689519,3.779421254,17.23,-2.720001,-13.63408954,56.58835546,-27.78346272,1
3800700000,1467674000,1521216000,3513122225,3107651981,2833422546,52.33795326,20.89088053,11.81342302,15.29,-1.94,-11.25943122,36.77221655,-19.81613892,1
3544075000,3651667000,2145994000,3330048478,3419982907,3180715850,54.83525042,2.497297155,12.19037407,15.26,-0.03,-0.196206671,36.46578141,-0.306435138,1
-128295000,583199000,1231808000,-376908828,-54158670.88,409887410.8,90.20550422,9.768009758,0.887366979,14.79,-0.71,-4.580645161,31.66496425,-7.252298264,1
-388955000,-1650971000,-933068000,-71940982.26,-1075751454,-924166587.5,81.9582409,5.874673255,-1.110568717,14.41,-0.21,-1.436388509,12.06467662,-2.611940299,1
3114910000,1044469000,-274683000,926388407.4,564781118.9,-316666562.6,92.03696624,10.07872534,1.26668177,13.88,-0.53,-3.678001388,6.043956874,-6.020719743,1
-315960000,-1691556000,-966634000,-681284580.9,-1743034763,-961549801.5,19.59719172,17.99329002,-12.77685616,16.110001,-0.92,-5.402231039,62.45554492,-16.37010967,1
3423990000,1242510000,-194044000,2678128403,818087400.6,-389536714.7,34.51517102,14.9179793,-6.605784685,15.61,-0.500001,-3.103668336,53.55872839,-8.89681653,1
410830000,882745000,183435000,-87871019.08,-39765818.89,-326538796,66.41345849,7.272101785,-3.886874566,13.97,-0.09,-0.640113798,24.37722854,-1.601423772,1
-115280000,429337000,1087123000,589048034.4,912161621.5,1389466430,83.89704419,17.31017286,3.340172793,11.91,-1.05,-8.101851852,1.818181818,-16.27227044,1
-164120000,640221000,-19459000,379571941.4,105296690,-267933787.6,30.95478736,25.4243431,-0.11606258,15.77,-0.89,-5.342136855,75.30864198,-12.2085048,1
-508825000,529228000,-239523000,2611703315,1100271248,-265060328.4,21.1983792,0.135961749,6.290448953,25.200001,-0.069999,-0.277004353,70.43391375,-0.35317358,1
4777635000,1546656000,1553531000,1601010936,2168956139,1308917153,33.2829728,12.08459361,8.292992148,21.99,-3.210001,-12.7380987,54.23814603,-16.19576772,1
3906665000,4314156000,2314663000,2220445225,2011141734,2253061603,41.96877446,8.685801654,8.814303251,18.57,-3.42,-15.55252387,36.69538959,-17.54275643,1
-8155000,-1809358000,-2639257000,-431897042.5,-1530103717,-2275254308,55.14989695,25.07257155,-7.935456447,19.440001,-4.129999,-17.52226983,57.86393871,-30.21213385,1
-327315000,-1782136000,-2258413000,285560739.1,-975407660.3,-1073690377,44.08626284,19.24955858,-10.04956873,19.309999,-1.810002,-8.570084821,56.91293658,-13.24068667,1
-110155000,-1807369000,-2606798000,-68825805.6,253757734,-55119537.77,38.7304644,22.10926706,-3.970569549,20.950001,-1.439998,-6.431433963,68.91002422,-10.53400069,1
4000375000,1522850000,-152961000,2839101259,903058091.6,794152485.7,41.3174594,2.586995007,0.594269328,19.889999,-1.060002,-5.059675176,61.15580387,-7.754220354,1
-280160000,613181000,-144293000,-114147154.2,525187725.8,-238899340.2,39.91232415,21.37365744,-2.030762214,19.43,-1.539999,-7.343820093,57.79077851,-11.26553685,1
4312115000,1617507000,1580512000,4187278971,1674077457,1504225840,64.03006563,24.11774148,7.879987923,17.33,-2.1,-10.80802882,37.78655828,-20.00422023,1
-355000,-1441540000,-771651000,118092055.5,-1334403322,-1170383332,61.32373477,18.53770938,-3.591465644,15.42,-1.450001,-8.595144719,24.21948912,-13.71807947,1
-223655000,-1501485000,-873216000,771947266.8,-386544771.1,-85558442.28,34.13012494,9.098881883,-8.782261299,14.67,-0.44,-2.911978822,31.6023692,-6.528188942,1
-80985000,928129000,247054000,-3085048912,-991765315.3,-357159650.5,8.037533559,5.104749175,-4.905328373,19.969999,0.309999,1.57680061,99.02794642,0.782320072,1
3255940000,1215611000,1456155000,-472176955.5,-1533710323,-655300787.9,35.9427945,27.90526094,0.704180291,16.83,-3.139999,-15.72358116,60.87485551,-38.15309091,1
77345000,-2455756000,-3474873000,-84517661.45,-1486872298,-2473616766,27.65132386,27.42560818,5.552836342,30.32,-5.7,-15.82454192,45.83824462,-13.44022604,1
-97135000,-1607508000,-2406387000,-2182242884,-2114213623,-1145072694,6.952966747,0.944411531,-6.451296625,26.83,-0.799999,-2.895400032,37.60905358,-1.886345157,1
4328730000,1712479000,102359000,1954198605,-40596340.43,-709125681.1,22.24553135,15.2925646,-2.751229349,24.5,-2.33,-8.68430861,30.00243059,-7.606622996,1
155690000,777853000,-130335000,402404757.1,-558105261.7,-1071506359,23.27539197,19.96006109,-10.86362377,22.73,-1.659999,-6.80606424,70.87794938,-22.06510595,1
-1461395000,-2843361000,-1623992000,-1807710684,-3025655648,-1934386985,22.63432948,12.66026522,-9.092685139,18.700001,-2,-9.661835282,42.11278673,-14.27551851,1
-668630000,435720000,-524246000,1463074089,1045371351,495361187,19.41912278,3.308457644,0.773430201,26.690001,-0.899999,-3.262047843,69.38776077,-5.102035147,1
-401940000,-2132595000,-3088851000,2427463959,263008146,-184206346,20.14294418,13.15113169,0.188841987,25.4,-2.739999,-9.737025932,62.07482993,-15.53287415,1
4633795000,1599729000,-221264000,4598089410,3275948021,1550149459,31.48896849,11.34602431,3.877513855,24.110001,-1.289999,-5.07873622,54.76191043,-7.312919501,1
-106090000,-1682075000,-2495535000,1120605895,242973358,-180720928.8,49.05488485,0.988974847,-7.842225466,14.72,-1.19,-7.479572596,41.4953271,-22.24299065,1
-169560000,743983000,-43897000,1516443112,1126766384,423982847.4,31.01953177,14.42333432,-4.902930504,15.2,-1.13,-6.919779547,52.42718447,-21.94174757,1
41780000,-1457335000,-2144097000,219756272.7,197044183.2,-483898335.5,55.02953058,6.857553858,-4.619633144,19.370001,-0.769998,-3.823227598,65.38841351,-13.21327081,1
-522705000,-3135980000,-2371851000,687268657.5,-1858296400,-1336162132,34.46101787,27.58588374,-14.2387356,18.75,-5.1,-21.3836478,43.07143165,-36.42857403,1
-50900000,-1580348000,-2419884000,241105817.7,-873771939.3,-1394701330,49.61539014,48.17059418,6.424184339,18.709999,-3.800001,-16.88139049,61.77776889,-33.77778667,1
3826495000,1518145000,-24502000,2541050407,944918272.4,-32937717.15,57.97302329,8.357633155,15.2778118,18.74,0.030001,0.160347416,62.04444444,0.266675556,1
5090540000,4566835000,2781155000,2904704354,2975408157,1766534150,82.60915954,24.63613625,21.45073492,14.38,-4.36,-23.26574173,23.28888889,-38.75555556,1
6357895000,5616231000,5091864000,2328990827,2270380068,2528957365,84.95577353,2.346613989,20.00157246,14.74,0.36,2.503477051,26.48888889,3.2,1
-411670000,-2280137000,-907475000,2299017417,2581956358,2183912164,98.06095238,16.43481916,2.757394538,13.37,-1.11,-7.665745856,14.31111111,-9.866666667,1
3837365000,1161247000,-713022000,-471221101.8,-1167817544,-2180369323,92.79400449,9.79203762,-0.626152593,12.14,-1.98,-14.02266289,0,-18.06451613,1
3875275000,3848538000,2060735000,1733224385,754726404.4,-118320392.3,98.56487058,5.770866085,3.105648582,11.79,-0.35,-2.883031301,2.179598954,2.179598954,1
4178570000,4061243000,3981429000,3939427319,2712776834,1733927364,99.82274121,1.257870633,5.053953427,12.22,0.43,3.647158609,7.619863014,5.44026406,1
549815000,-638112000,-1226547000,30389787.89,-148171609.7,-597813942,88.86630634,8.841506603,-1.90618292,12.85,-1.19,-8.475783476,18.19905213,-7.54598098,1
-85420000,-1537378000,-2147472000,1677258234,1864596242,1422331815,78.29526756,0.19179185,-5.216626345,11.81,-0.18,-1.501251043,39.06581741,0.481342524,1
3862160000,1482722000,-7964000,648825423.3,1511963808,1691953955,78.12309438,-0.172173176,-3.652318084,11.93,0.12,1.016088061,41.61358811,2.547770701,1
3702840000,3777458000,2219400000,2431534804,1472372354,1773282300,94.70079452,16.57770014,2.509890379,10.97,-0.96,-8.046940486,21.23142251,-20.38216561,1
3529215000,1529683000,1543434000,745359898.3,365692815.1,813390974.2,90.61885125,2.359873827,1.854969663,11.45,0.16,1.417183348,31.42250531,3.397027601,1
3643840000,3581885000,2231307000,2402866376,1337017363,886686819.2,95.8559739,5.237122653,0.544211915,10.88,-0.57,-4.978165939,19.32059448,-12.10191083,1
-47880000,-1465455000,-2102419000,-502257056.6,-981130437.3,-651219200.8,75.39026244,1.288173692,-3.32788698,12.3,0.44,3.70994941,70.39274924,13.29305136,1
-3107680000,-3140301000,-1804219000,856082123.4,-76361613.92,154346236.2,55.60298754,-1.786567736,-0.697453366,12.5,-0.46,-3.549382716,49.22178988,-22.13859198,1
63775000,-1178297000,-1843172000,2159541013,1350724880,564214803.1,67.20800555,11.60501801,0.968712622,11.53,-0.97,-7.76,30.35019455,-18.87159533,1
63760000,-1294686000,-742496000,-297400042.2,-299676377.9,315920991,42.66492637,22.4440118,5.454108587,14.15,-0.78,-5.224380442,62.499989,-13.73239195,1
78210000,-1395611000,-716533000,-1682803739,-1452860902,-659332788,52.04736661,10.40462155,-12.03657244,14.66,-0.93,-5.965362412,75.66766701,-14.06446249,1
4072290000,1626416000,127800000,687137565.3,-709230972.1,-880460003.3,71.2164341,19.16906749,-9.518354762,12.04,-2.62,-17.87175989,36.79525768,-38.87240933,1
3498995000,3777739000,2245340000,1459001663,1124659779,47906682.59,84.70451777,13.48808368,1.119560001,10.93,-1.11,-9.219269103,20.32641251,-16.46884517,1
-231595000,534757000,973534000,-192328313.9,270486434.1,-59533791,71.67150492,15.26203481,-1.554891683,11.19,-1.35,-10.76555024,26.26263005,-19.48052229,1
32435000,608525000,1182304000,1634482599,1204024166,1306697464,89.54494772,17.52715529,6.661724271,10.3,-0.59,-5.417814509,13.41991536,-8.513709742,1
-313765000,-1472613000,-819130000,68326886.43,-1073791916,-1224593402,26.61749655,3.311098396,-13.50708158,13.19,-1.07,-7.503506311,51.54027825,-12.67772362,1
2707640000,2668988000,1558142000,1035646817,-36668720.45,-590196862.7,46.41099069,2.47692063,0.912667849,11.7,0.38,3.356890459,33.88625191,4.502369135,1
461880000,678778000,1026818000,442011168.6,635694411.4,592474471.5,99.94233312,15.47451818,1.437705214,9.77,-1.27,-11.50362319,20.09966777,-21.09634551,1
187315000,-1806126000,-665257000,-815136836.1,-2383380543,-1170803851,25.5335596,25.38305469,0.556038256,29.059999,-4.4,-13.15003028,48.69565093,-10.62801958,1
4867930000,1897133000,-1767000,2500147053,284889229.5,-1127281931,36.24845529,10.71489569,-0.659048862,25.610001,-3.449998,-11.87198251,40.36232223,-8.333328704,1
3764330000,4368198000,2554244000,1776124907,2291821255,884424638.8,38.28853331,2.04007802,4.935133688,24.969999,-0.640002,-2.499031531,38.81642364,-1.545898588,1
-310760000,-1906051000,-2592915000,431774947.5,-1217331301,-2050699865,46.61061114,3.992025097,-7.152395118,19.59,-2.879999,-12.81708557,25.64164711,-7.103638843,1
3796630000,1315032000,-290426000,2892962861,1377046959,-37447877.26,55.33832165,8.727710518,-2.035987365,18.73,-0.86,-4.389994895,22.96242125,-2.679225857,1
-102855000,648232000,-104097000,728415033.8,597089329.5,144705716.3,30.37035097,12.09838889,0.302440543,21.1,-2.520001,-10.66892842,21.05974645,-6.812654956,1
3371575000,1282670000,1321553000,2779864896,1572221467,1203402187,41.60321542,11.23286445,2.672678363,20.059999,-1.040001,-4.928914692,24.32431984,3.264573398,1
-103650000,472380000,-184608000,228467472,-50445357.53,-386305716.3,34.50217804,1.950764155,-5.765412364,17.84,-0.18,-0.998890122,35.08908095,-1.394268117,1
-262125000,-1745653000,-981258000,2468815130,856478263.9,1052273715,44.18377185,13.5791866,0.228523997,14.77,-1.13,-7.106918239,25.56291391,5.16921312,1
-87920000,-1325019000,-1958641000,646992843,325079273.9,623906465.2,88.31186542,19.37390618,-3.725517888,14.94,-2.08,-12.22091657,33.0057303,-11.92074029,1
-173975000,584533000,-111688000,-1004707003,-1123641985,-1046045685,57.33184593,3.98673855,-5.702031507,16.85,-1.06,-5.918481295,68.27585422,-12.18390665,1
3319635000,3376785000,1957640000,-257641501.1,16342346.62,-679263273.9,52.4767003,6.120087162,-3.253043248,15.6,-0.49,-3.045369795,52.20499974,-5.840285359,1
-212595000,401027000,-188144000,404517210,885607124.6,283132254.6,86.73588504,13.0190338,0.656790295,13.45,-1.19,-8.128415301,34.74575903,-12.60593087,1
-107435000,-1300965000,-1927728000,-1411892802,-1038772778,-528801879.8,69.0632454,4.282532274,-4.927546835,14.16,-0.72,-4.838709677,59.64124669,-10.76233023,1
2815530000,1078577000,-112447000,-141720288,-504184860.3,-558007491.6,76.42544349,7.362198096,-0.652978861,13.22,-0.94,-6.638418079,45.59042667,-14.05082002,1
216340000,-1778511000,-894825000,1636872089,785048533.6,805749033.8,23.4430666,12.26543515,3.657716131,23.35,-1.350001,-5.465590872,69.0529876,-7.609926719,1
896150000,1342590000,291780000,916496771.6,-545637780.5,-1123819206,20.78672035,12.15802918,-1.305003661,18.9,-2.62,-12.17472119,43.2,-14.97142857,1
810030000,-2058078000,-3337240000,807931556.8,-1674993340,-2097221897,25.8488419,25.8488419,3.364456584,30.41,-5.66,-15.69171056,71.42151671,-28.42968367,1
4165300000,2138400000,-216462000,4151067236,2129440653,33654355.87,30.35833567,4.509493765,7.054753719,29.959999,-0.450001,-1.479779678,69.20038652,-2.221130196,1
195275000,854827000,1504346000,95536607.42,448750069.5,993642762.3,39.55864281,17.93757167,0.713654514,21.379999,-4.070002,-15.99214868,26.85093155,-20.08885389,1
4159060000,1769919000,1684739000,2128726866,653964207.3,703297315.4,43.38379154,3.825148725,2.303532532,21.4,0.020001,0.093550051,26.94965316,0.098721614,1
4093870000,4130816000,2547470000,1784013743,2176747496,1177565513,50.22705188,6.843260344,5.245136226,20.469999,-0.930001,-4.345799065,22.35932269,-4.590330474,1
-46060000,-1424428000,-674316000,1963180758,2313553237,2612968455,58.13934213,6.104486533,0.807989458,18.6,-0.47,-2.46460409,13.12931821,-2.319841939,1
